﻿Designator,Quantity,Value,Footprint,Package,MPN,DNP,Mount_Type,Description,MF,MAXIMUM_PACKAGE_HEIGHT,Price,Check_prices,STANDARD,PARTREV,SnapEDA_Link,MP,Description_1,Availability,MANUFACTURER
"C1, C2, C4",3,10,CP_Radial_D4.0mm_P2.00mm,,,,tht,"Unpolarized capacitor, small symbol",,,,,,,,,,,
"C10, C11, C12, C13, C3, C5, C6, C7, C8, C9",10,0.1,C_Disc_D3.0mm_W1.6mm_P2.50mm,,,,tht,"Unpolarized capacitor, small symbol",,,,,,,,,,,
"D1, D10, D11, D12, D13, D2, D3, D4, D5, D6, D9",11,D_Zener_Small,D_SOD-323_HandSoldering,,,,smt,"Zener diode, small symbol",,,,,,,,,,,
D7,1,LED,R_1206_3216Metric_Pad1.30x1.75mm_HandSolder,,,,smt,Light emitting diode,,,,,,,,,,,
"J1, J5",2,Conn_01x08_Pin,"PhoenixContact_MC_1,5_8-G-3.5_1x08_P3.50mm_Horizontal",,,,tht,"Generic connector, single row, 01x08, script generated",,,,,,,,,,,
"R1, R10, R11, R12, R13, R2, R3, R4, R5, R6, R7, R9",12,R_Small_US,R_1206_3216Metric_Pad1.30x1.75mm_HandSolder,,,,smt,"Resistor, small US symbol",,,,,,,,,,,
U1,1,RP2040-ZERO,MODULE_RP2040-ZERO,Package,,,tht,,Waveshare Electronics,5.35mm,None,https://www.snapeda.com/parts/RP2040-ZERO/Waveshare+Electronics/view-part/?ref=eda,Manufacturer Recommendations,NA,https://www.snapeda.com/parts/RP2040-ZERO/Waveshare+Electronics/view-part/?ref=snap,RP2040-ZERO,"
                        
                            Low-Cost, High-Performance Pico-Like MCU Board Based On Raspberry Pi Microcontroller RP2040
                        
",Not in stock,Waveshare
"U10, U11, U12, U13, U14, U4, U5, U6, U7, U8, U9",11,NC7SZ125M5X,SOT-23-5,,,,smt,"TinyLogic UHS Buffer, Tri-State Output, SOT-23-5",,,,,,,,,,,
U2,1,AMS1117-5.0,SOT-223-3_TabPin2,,,,smt,"1A Low Dropout regulator, positive, 5.0V fixed output, SOT-223",,,,,,,,,,,
U3,1,AMS1117-3.3,SOT-223-3_TabPin2,,,,smt,"1A Low Dropout regulator, positive, 3.3V fixed output, SOT-223",,,,,,,,,,,
