﻿pos_x,pos_y,rotation,side,designator,mpn,pack,footprint,value,mount_type
126.0,-77.0274,-90.0,top,C1,,,CP_Radial_D4.0mm_P2.00mm,10,tht
173.0,-104.75,90.0,top,C10,,,C_Disc_D3.0mm_W1.6mm_P2.50mm,0.1,tht
173.0,-95.25,-90.0,top,C11,,,C_Disc_D3.0mm_W1.6mm_P2.50mm,0.1,tht
176.0,-86.1,0.0,top,C12,,,C_Disc_D3.0mm_W1.6mm_P2.50mm,0.1,tht
171.4,-79.75,90.0,top,C13,,,C_Disc_D3.0mm_W1.6mm_P2.50mm,0.1,tht
133.0,-76.9726,90.0,top,C2,,,CP_Radial_D4.0mm_P2.00mm,10,tht
150.25,-75.5,90.0,top,C3,,,C_Disc_D3.0mm_W1.6mm_P2.50mm,0.1,tht
145.5274,-84.75,0.0,top,C4,,,CP_Radial_D4.0mm_P2.00mm,10,tht
165.0,-73.0,90.0,top,C5,,,C_Disc_D3.0mm_W1.6mm_P2.50mm,0.1,tht
137.5,-83.75,-90.0,top,C6,,,C_Disc_D3.0mm_W1.6mm_P2.50mm,0.1,tht
137.5,-92.5,-90.0,top,C7,,,C_Disc_D3.0mm_W1.6mm_P2.50mm,0.1,tht
168.25,-106.75,0.0,top,C8,,,C_Disc_D3.0mm_W1.6mm_P2.50mm,0.1,tht
137.25,-102.0,-90.0,top,C9,,,C_Disc_D3.0mm_W1.6mm_P2.50mm,0.1,tht
184.5,-97.0,180.0,top,D1,,,D_SOD-323_HandSoldering,D_Zener_Small,smt
130.0,-89.5,0.0,top,D10,,,D_SOD-323_HandSoldering,D_Zener_Small,smt
130.0,-99.5,0.0,top,D11,,,D_SOD-323_HandSoldering,D_Zener_Small,smt
130.0,-96.5,0.0,top,D12,,,D_SOD-323_HandSoldering,D_Zener_Small,smt
130.0,-93.0,0.0,top,D13,,,D_SOD-323_HandSoldering,D_Zener_Small,smt
184.5,-90.0,180.0,top,D2,,,D_SOD-323_HandSoldering,D_Zener_Small,smt
184.5,-86.5,180.0,top,D3,,,D_SOD-323_HandSoldering,D_Zener_Small,smt
184.5,-83.0,180.0,top,D4,,,D_SOD-323_HandSoldering,D_Zener_Small,smt
184.5,-79.5,180.0,top,D5,,,D_SOD-323_HandSoldering,D_Zener_Small,smt
184.5,-76.0,180.0,top,D6,,,D_SOD-323_HandSoldering,D_Zener_Small,smt
169.4,-71.0,0.0,top,D7,,,R_1206_3216Metric_Pad1.30x1.75mm_HandSolder,LED,smt
130.0,-86.0,0.0,top,D9,,,D_SOD-323_HandSoldering,D_Zener_Small,smt
196.5675,-100.195,90.0,top,J1,,,"PhoenixContact_MC_1,5_8-G-3.5_1x08_P3.50mm_Horizontal",Conn_01x08_Pin,tht
118.4325,-75.305,-90.0,top,J5,,,"PhoenixContact_MC_1,5_8-G-3.5_1x08_P3.50mm_Horizontal",Conn_01x08_Pin,tht
189.5,-97.0,0.0,top,R1,,,R_1206_3216Metric_Pad1.30x1.75mm_HandSolder,R_Small_US,smt
125.0,-89.5,0.0,top,R10,,,R_1206_3216Metric_Pad1.30x1.75mm_HandSolder,R_Small_US,smt
125.0,-93.0,0.0,top,R11,,,R_1206_3216Metric_Pad1.30x1.75mm_HandSolder,R_Small_US,smt
125.0,-96.5,0.0,top,R12,,,R_1206_3216Metric_Pad1.30x1.75mm_HandSolder,R_Small_US,smt
125.0,-99.5,0.0,top,R13,,,R_1206_3216Metric_Pad1.30x1.75mm_HandSolder,R_Small_US,smt
189.5,-90.0,0.0,top,R2,,,R_1206_3216Metric_Pad1.30x1.75mm_HandSolder,R_Small_US,smt
189.5,-86.5,0.0,top,R3,,,R_1206_3216Metric_Pad1.30x1.75mm_HandSolder,R_Small_US,smt
189.5,-83.0,0.0,top,R4,,,R_1206_3216Metric_Pad1.30x1.75mm_HandSolder,R_Small_US,smt
189.5,-79.5,0.0,top,R5,,,R_1206_3216Metric_Pad1.30x1.75mm_HandSolder,R_Small_US,smt
189.5,-76.0,0.0,top,R6,,,R_1206_3216Metric_Pad1.30x1.75mm_HandSolder,R_Small_US,smt
168.0,-75.5,-90.0,top,R7,,,R_1206_3216Metric_Pad1.30x1.75mm_HandSolder,R_Small_US,smt
125.0,-86.0,0.0,top,R9,,,R_1206_3216Metric_Pad1.30x1.75mm_HandSolder,R_Small_US,smt
158.75,-92.0,180.0,top,U1,,Package,MODULE_RP2040-ZERO,RP2040-ZERO,tht
141.25,-103.5,0.0,top,U10,,,SOT-23-5,NC7SZ125M5X,smt
141.25,-99.0,0.0,top,U11,,,SOT-23-5,NC7SZ125M5X,smt
141.25,-94.5,0.0,top,U12,,,SOT-23-5,NC7SZ125M5X,smt
141.25,-90.0,0.0,top,U13,,,SOT-23-5,NC7SZ125M5X,smt
141.25,-85.5,0.0,top,U14,,,SOT-23-5,NC7SZ125M5X,smt
141.5,-77.0,0.0,top,U2,,,SOT-223-3_TabPin2,AMS1117-5.0,smt
158.5,-73.25,0.0,top,U3,,,SOT-223-3_TabPin2,AMS1117-3.3,smt
177.0,-77.5,0.0,top,U4,,,SOT-23-5,NC7SZ125M5X,smt
177.0,-83.0,0.0,top,U5,,,SOT-23-5,NC7SZ125M5X,smt
177.0,-89.2,0.0,top,U6,,,SOT-23-5,NC7SZ125M5X,smt
177.0,-94.0,0.0,top,U7,,,SOT-23-5,NC7SZ125M5X,smt
177.0,-99.5,0.0,top,U8,,,SOT-23-5,NC7SZ125M5X,smt
177.0,-105.0,0.0,top,U9,,,SOT-23-5,NC7SZ125M5X,smt
